{
  "hash": "d5d4de54",
  "configHash": "ef7a6696",
  "lockfileHash": "5c0f004c",
  "browserHash": "8548e3bb",
  "optimized": {
    "@angular/core": {
      "src": "../../../../../../node_modules/@angular/core/fesm2022/core.mjs",
      "file": "@angular_core.js",
      "fileHash": "7bf3e917",
      "needsInterop": false
    },
    "@angular/platform-browser": {
      "src": "../../../../../../node_modules/@angular/platform-browser/fesm2022/platform-browser.mjs",
      "file": "@angular_platform-browser.js",
      "fileHash": "8d23c6a4",
      "needsInterop": false
    },
    "@angular/platform-server/init": {
      "src": "../../../../../../node_modules/@angular/platform-server/fesm2022/init.mjs",
      "file": "@angular_platform-server_init.js",
      "fileHash": "a68ccca3",
      "needsInterop": false
    },
    "@angular/router": {
      "src": "../../../../../../node_modules/@angular/router/fesm2022/router.mjs",
      "file": "@angular_router.js",
      "fileHash": "95a6ba61",
      "needsInterop": false
    },
    "@angular/ssr": {
      "src": "../../../../../../node_modules/@angular/ssr/fesm2022/ssr.mjs",
      "file": "@angular_ssr.js",
      "fileHash": "a2954223",
      "needsInterop": false
    },
    "@angular/ssr/node": {
      "src": "../../../../../../node_modules/@angular/ssr/fesm2022/node.mjs",
      "file": "@angular_ssr_node.js",
      "fileHash": "04201302",
      "needsInterop": false
    },
    "express": {
      "src": "../../../../../../node_modules/express/index.js",
      "file": "express.js",
      "fileHash": "b8782bcd",
      "needsInterop": true
    }
  },
  "chunks": {
    "chunk-2XG4V35K": {
      "file": "chunk-2XG4V35K.js"
    },
    "chunk-2FLXPU6R": {
      "file": "chunk-2FLXPU6R.js"
    },
    "chunk-CRCVOJ5C": {
      "file": "chunk-CRCVOJ5C.js"
    },
    "chunk-ZKBKHDTI": {
      "file": "chunk-ZKBKHDTI.js"
    },
    "xhr2-E5RTESSH": {
      "file": "xhr2-E5RTESSH.js"
    },
    "chunk-6DU2HRTW": {
      "file": "chunk-6DU2HRTW.js"
    }
  }
}