{
  "hash": "56014f5f",
  "configHash": "a37cdac5",
  "lockfileHash": "5c0f004c",
  "browserHash": "27502b3b",
  "optimized": {
    "@angular/core": {
      "src": "../../../../../../node_modules/@angular/core/fesm2022/core.mjs",
      "file": "@angular_core.js",
      "fileHash": "7bd4299e",
      "needsInterop": false
    },
    "@angular/platform-browser": {
      "src": "../../../../../../node_modules/@angular/platform-browser/fesm2022/platform-browser.mjs",
      "file": "@angular_platform-browser.js",
      "fileHash": "0a71c5fc",
      "needsInterop": false
    },
    "@angular/router": {
      "src": "../../../../../../node_modules/@angular/router/fesm2022/router.mjs",
      "file": "@angular_router.js",
      "fileHash": "e909233a",
      "needsInterop": false
    }
  },
  "chunks": {
    "chunk-C2FRCCBN": {
      "file": "chunk-C2FRCCBN.js"
    },
    "chunk-VSF4W2WL": {
      "file": "chunk-VSF4W2WL.js"
    }
  }
}